url,title
https://bergen.edu/ce,Continuing Education and Workforce Development | Bergen Community College
https://bergen.edu/ce/courses-programs/kids-and-teens,Kids and Teens at Bergen | Continuing Education and Workforce Development Catalog
https://bergen.edu/ce/bergen-for-business,Bergen for Business | Bergen Community College
https://bergen.edu/ce/courses-programs/online-self-paced-courses,Anytime Online | Bergen Community College
https://bergen.edu/ce/courses-programs/business-and-technology,Business and Technology | Bergen Community College
https://bergen.edu/ce/courses-programs/construction-administration-and-licensing-ucc,Construction Administration and Licensing/UCC | Bergen Community College
https://bergen.edu/ce/courses-programs/construction-management-osha,Construction Management/OSHA | Bergen Community College
https://bergen.edu/ce/courses-programs/direct-support-professional,Direct Support Professional | Bergen Community College
https://bergen.edu/ce/courses-programs/esl-english-as-a-second-language,ESL – English as a Second Language | Bergen Community College
https://bergen.edu/ce/courses-programs/fashion-design,Fashion Design | Bergen Community College
https://bergen.edu/ce/courses-programs/health-professions,Health Professions | Bergen Community College
https://bergen.edu/ce/courses-programs/hse-high-school-equivalency-for-adults,HSE – High School Equivalency for Adults | Bergen Community College
https://bergen.edu/ce/courses-programs/hospitality-culinary,Hospitality and Culinary | Bergen Community College
https://bergen.edu/ce/courses-programs/interior-design,Interior Design | Bergen Community College
https://bergen.edu/ce/courses-programs/manufacturing-logistics,Manufacturing | Bergen Community College
https://bergen.edu/ce/courses-programs/languages-multicultural-learning,Languages & Multicultural Learning | Bergen Community College
https://bergen.edu/ce/courses-programs/project-management,Project Management | Bergen Community College
https://bergen.edu/ce/courses-programs/real-estate,Real Estate | Bergen Community College
https://bergen.edu/ce/courses-programs/teacher-education-and-childcare,Teacher Education and Childcare | Bergen Community College
https://bergen.edu/ce/courses-programs,Courses and Programs | Bergen Community College
https://bergen.edu/ce/general-information-and-policies,General Information and Policies | Bergen Community College
https://bergen.edu/ce/ce-staff-directory,Staff Directory | Bergen Community College
https://bergen.edu/ce/teaching-opportunities-proposals,Teaching Opportunities/Proposals | Bergen Community College
https://bergen.edu/ce/bergen-for-business/corporate-education-and-professional-development/njbia-grant-funded-training,Free Training Programs | Bergen Community College
https://bergen.edu/ce/bergen-for-business/business-accelerator,Business Accelerator | Bergen Community College
https://bergen.edu/ce/bergen-for-business/corporate-education-and-professional-development,Corporate Education and Professional Development | Bergen Community College
https://bergen.edu/ce/bergen-for-business/free-small-business-consulting,Experiential Learning Opportunities for Students | Bergen Community College
https://bergen.edu/ce/bergen-for-business/latinxceo,LatinxCEO | Bergen Community College
https://bergen.edu/ce/courses-programs/approved-unemployment-education,Approved Unemployment Education | Bergen Community College
https://bergen.edu/ce/courses-programs/institute-for-learning-in-retirement,Institute For Learning In Retirement | Bergen Community College
https://bergen.edu/ce/courses-programs/fashion-design/sewing-certificate,Sewing Certificate | Bergen Community College
https://bergen.edu/ce/courses-programs/health-professions/patient-care-technician-associate-certificate-program,Patient Care Technician Certification Program | Bergen Community College
https://bergen.edu/ce/courses-programs/health-professions/alcohol-and-drug-counseling,Alcohol and Drug Counseling | Bergen Community College
https://bergen.edu/ce/courses-programs/health-professions/pharmacy-tech,Pharmacy Tech | Bergen Community College
https://bergen.edu/ce/courses-programs/health-professions/phlebotomy,Phlebotomy | Bergen Community College
https://bergen.edu/ce/courses-programs/health-professions/workplace-wellness-and-safety,Workplace Wellness and Safety | Bergen Community College
https://bergen.edu/ce/courses-programs/hospitality-culinary/certificate-in-professional-cooking,Certificate in Professional Cooking | Bergen Community College
https://bergen.edu/ce/courses-programs/hospitality-culinary/certificate-in-baking,Certificate in Baking | Bergen Community College
https://bergen.edu/ce/courses-programs/hospitality-culinary/certificate-in-event-planning-and-management,Certificate in Event Planning and Management | Bergen Community College
https://bergen.edu/ce/courses-programs/teacher-education-and-childcare/childhood-development,Child Development Associate (CDA) Program | Bergen Community College
https://bergen.edu/ce/courses-programs/teacher-education-and-childcare/registered-behavior-technician,Registered Behavior Technician | Bergen Community College
https://bergen.edu/ce/courses-programs/teacher-education-and-childcare/paraprofessional-training,Teaching Assistant/Paraprofessional Training | Bergen Community College
