source_url,filename
https://bergen.edu/ce,continuing-education-and-workforce-development.js
https://bergen.edu/ce/courses-programs/kids-and-teens,kids-and-teens-at-bergen.js
https://bergen.edu/ce/bergen-for-business,bergen-for-business.js
https://bergen.edu/ce/courses-programs/online-self-paced-courses,anytime-online.js
https://bergen.edu/ce/courses-programs/business-and-technology,business-and-technology.js
https://bergen.edu/ce/courses-programs/construction-administration-and-licensing-ucc,construction-administration-and-licensingucc.js
https://bergen.edu/ce/courses-programs/construction-management-osha,construction-managementosha.js
https://bergen.edu/ce/courses-programs/direct-support-professional,direct-support-professional.js
https://bergen.edu/ce/courses-programs/esl-english-as-a-second-language,esl.js
https://bergen.edu/ce/courses-programs/fashion-design,fashion-design.js
https://bergen.edu/ce/courses-programs/health-professions,health-professions.js
https://bergen.edu/ce/courses-programs/hse-high-school-equivalency-for-adults,hse.js
https://bergen.edu/ce/courses-programs/hospitality-culinary,hospitality-and-culinary.js
https://bergen.edu/ce/courses-programs/interior-design,interior-design.js
https://bergen.edu/ce/courses-programs/manufacturing-logistics,manufacturing.js
https://bergen.edu/ce/courses-programs/languages-multicultural-learning,languages-multicultural-learning.js
https://bergen.edu/ce/courses-programs/project-management,project-management.js
https://bergen.edu/ce/courses-programs/real-estate,real-estate.js
https://bergen.edu/ce/courses-programs/teacher-education-and-childcare,teacher-education-and-childcare.js
https://bergen.edu/ce/courses-programs,courses-and-programs.js
https://bergen.edu/ce/general-information-and-policies,general-information-and-policies.js
https://bergen.edu/ce/ce-staff-directory,staff-directory.js
https://bergen.edu/ce/teaching-opportunities-proposals,teaching-opportunitiesproposals.js
https://bergen.edu/ce/bergen-for-business/corporate-education-and-professional-development/njbia-grant-funded-training,free-training-programs.js
https://bergen.edu/ce/bergen-for-business/business-accelerator,business-accelerator.js
https://bergen.edu/ce/bergen-for-business/corporate-education-and-professional-development,corporate-education-and-professional-development.js
https://bergen.edu/ce/bergen-for-business/free-small-business-consulting,experiential-learning-opportunities-for-students.js
https://bergen.edu/ce/bergen-for-business/latinxceo,latinxceo.js
https://bergen.edu/ce/courses-programs/approved-unemployment-education,approved-unemployment-education.js
https://bergen.edu/ce/courses-programs/institute-for-learning-in-retirement,institute-for-learning-in-retirement.js
https://bergen.edu/ce/courses-programs/fashion-design/sewing-certificate,sewing-certificate.js
https://bergen.edu/ce/courses-programs/health-professions/patient-care-technician-associate-certificate-program,patient-care-technician-certification-program.js
https://bergen.edu/ce/courses-programs/health-professions/alcohol-and-drug-counseling,alcohol-and-drug-counseling.js
https://bergen.edu/ce/courses-programs/health-professions/pharmacy-tech,pharmacy-tech.js
https://bergen.edu/ce/courses-programs/health-professions/phlebotomy,phlebotomy.js
https://bergen.edu/ce/courses-programs/health-professions/workplace-wellness-and-safety,workplace-wellness-and-safety.js
https://bergen.edu/ce/courses-programs/hospitality-culinary/certificate-in-professional-cooking,certificate-in-professional-cooking.js
https://bergen.edu/ce/courses-programs/hospitality-culinary/certificate-in-baking,certificate-in-baking.js
https://bergen.edu/ce/courses-programs/hospitality-culinary/certificate-in-event-planning-and-management,certificate-in-event-planning-and-management.js
https://bergen.edu/ce/courses-programs/teacher-education-and-childcare/childhood-development,child-development-associate-cda-program.js
https://bergen.edu/ce/courses-programs/teacher-education-and-childcare/registered-behavior-technician,registered-behavior-technician.js
https://bergen.edu/ce/courses-programs/teacher-education-and-childcare/paraprofessional-training,teaching-assistantparaprofessional-training.js
